time/T_position,positional_angle,time/T_elevation,elevation_angle,time/T_feathering,feathering_angle
0.03899,98.33228,0.02656,1.66665,-0.04646,-1.66667
0.10197,88.32703,0.11664,2.49248,-0.00857,-6.66667
0.12596,74.9917,0.20715,6.6516,0.02952,-13.88889
0.1627,60.82197,0.36139,6.63875,0.04906,-22.77778
0.18594,41.65337,0.46272,-5.03636,0.07795,-31.66667
0.24764,21.64823,0.52838,5.7915,0.0884,-43.33333
0.27035,-1.687,0.65702,6.61411,0.11724,-51.66667
0.31951,-19.1911,0.72129,6.60876,0.14577,-56.66667
0.35614,-34.19415,0.84993,7.43137,0.19307,-62.22222
0.48286,-48.37138,0.87392,-5.90396,0.22997,-56.66667
0.57465,-34.21236,0.93808,-6.74264,0.2573,-48.88889
0.61567,-15.04911,0.97771,1.58739,0.27554,-43.88889
0.68412,17.44519,1.0046,10.75181,0.29363,-37.22222
0.71272,39.9428,1.1704,0.738,0.31156,-28.88889
0.79316,65.76943,1.23606,11.56586,0.33874,-19.44444
0.84693,84.09829,1.31222,4.05951,0.37532,-10.55556
0.93872,98.2573,1.34981,-3.44362,0.38395,-2.77778
1.01498,91.58428,1.42736,-0.11675,0.40173,7.22222
1.05215,80.74785,1.49291,9.87779,0.41965,15.55556
1.08911,68.24477,1.55686,7.37246,0.45635,23.33333
1.08911,68.24477,1.60742,0.70158,0.47422,32.22222
1.11203,46.57619,1.69793,4.8607,0.5106,43.33333
1.16098,27.40545,1.73756,13.19073,0.50977,52.22222
1.15851,8.23899,1.81361,4.85106,0.5462,62.77778
1.22064,-8.43286,1.86341,-7.65309,0.61059,74.44444
1.28308,-22.60473,1.91558,-1.8241,0.63933,67.22222
1.33332,-31.77558,1.96795,5.67153,0.64915,62.22222
1.42222,-40.11632,2.04561,9.83173,0.67784,55.55556
1.52612,-31.79165,2.12144,-0.17459,0.68782,48.88889
1.56629,-19.29499,2.19974,8.98555,0.69769,43.33333
1.60731,-0.13175,2.26508,17.31344,0.72628,37.77778
1.64801,16.53153,2.32752,3.14157,0.7268,32.22222
1.68829,29.86151,2.38997,-11.0303,0.74613,25.55556
1.71624,47.35918,2.45616,3.96418,0.75637,16.11111
1.75694,64.02245,2.49633,16.46083,0.7758,8.33333
1.82292,77.35029,2.57217,6.45452,0.78594,0.0
1.95328,91.50609,2.63515,-3.55073,0.79586,-6.11111
2.04132,76.49875,2.70102,8.94378,0.82439,-11.11111
2.1283,53.15817,2.74076,18.10713,0.83479,-22.22222
2.13783,27.32404,2.81638,6.43416,0.87309,-31.66667
2.18699,9.81995,2.84059,-5.23452,0.94793,-31.66667
2.22298,-10.18305,2.93024,-7.74199,0.97651,-37.22222
2.28543,-24.35492,2.95734,3.08908,0.98638,-42.77778
2.33577,-32.69245,2.99772,17.25239,0.99631,-48.88889
2.43742,-41.86759,3.07366,8.07939,1.02484,-53.88889
2.51636,-27.7075,3.12379,-1.92479,1.02547,-60.55556
2.59573,-10.21412,3.2023,8.902,1.07291,-67.77778
2.63665,8.11581,3.25511,19.73094,1.12842,-61.11111
2.67767,27.27906,3.31777,7.22572,1.13725,-55.55556
2.7052,41.44343,3.31637,-3.6075,1.15539,-49.44444
2.73305,58.10778,3.40635,-3.615,1.16417,-43.33333
2.77321,70.60443,3.47243,10.54616,1.17295,-37.22222
2.82623,83.10001,3.53713,13.8741,1.18153,-28.88889
2.93045,93.92466,3.62518,-1.13324,1.19031,-22.77778
3.00629,83.91834,3.743,15.52361,1.20819,-13.88889
3.04367,74.74856,3.80576,3.85172,1.22612,-5.55556
3.08094,64.74545,3.868,-11.9868,1.24426,0.55556
3.10547,55.57674,3.93387,0.50771,1.26245,6.11111
3.11608,38.07586,3.9871,14.66994,1.28978,13.88889
3.15228,19.73951,4.10096,0.49378,1.28906,21.66667
3.20166,3.90206,4.21804,11.31736,1.3073,26.66667
3.22544,-11.09992,4.28166,6.31206,1.34445,29.44444
3.26239,-23.603,4.31872,-5.3577,1.45635,33.33333
3.29999,-31.10614,4.39552,-7.8641,1.48368,41.11111
3.38878,-40.2802,4.44822,2.13151,1.49257,46.11111
3.43966,-44.45111,4.47564,15.46256,1.52947,51.66667
3.49225,-35.28883,4.57707,4.62077,1.52905,56.11111
3.54495,-25.29322,4.66651,0.44665,1.57489,66.11111
3.58587,-6.96329,4.70668,12.94331,1.58481,60.0
3.58747,5.53657,4.76966,2.93806,1.6134,54.44444
3.62753,17.1999,4.83232,-9.56716,1.63252,50.0
3.66727,26.36326,4.91104,2.92628,1.67082,40.55556
3.66898,39.69645,5.00273,16.25197,1.6807,35.0
3.70861,48.02648,5.05243,2.91449,1.68137,27.77778
3.71001,58.8597,5.1559,7.90587,1.71936,21.66667
3.77609,73.02085,5.28411,5.39519,1.72919,16.66667
3.84175,83.84872,5.37237,-7.9455,1.76749,7.22222
3.93344,97.17441,5.43857,7.04898,1.77741,1.11111
3.97072,87.1713,5.54139,7.04041,1.80605,-5.0
4.03338,74.66608,5.64411,6.19852,1.82528,-10.55556
4.07011,60.49635,5.74801,14.52319,1.85376,-15.0
4.1196,45.49223,5.7975,-0.48093,1.90053,-15.0
4.13063,31.32464,5.90032,-0.4895,1.93842,-20.0
4.14102,12.15711,5.99255,17.00282,1.97677,-30.0
4.19019,-5.34699,6.09323,0.32776,1.99605,-36.11111
4.23989,-18.68446,6.19788,14.48571,1.99704,-46.66667
4.3154,-31.19075,6.28646,3.64499,2.01637,-53.33333
4.36553,-41.19493,6.32352,-8.02476,2.02624,-58.88889
4.3907,-45.3637,6.38928,3.63642,2.07385,-67.77778
4.46825,-42.03682,6.50561,8.62673,2.12005,-61.66667
4.50831,-30.3735,6.63361,4.4494,2.12868,-53.88889
4.52212,-22.87465,6.74982,8.60638,2.15622,-48.33333
4.53573,-17.04245,6.82501,-6.39989,2.1926,-37.22222
4.57621,-2.04582,6.90395,7.7602,2.20091,-26.11111
4.61692,14.61745,7.00689,8.58496,2.23776,-20.0
4.64477,31.2818,7.12257,8.57532,2.23709,-12.77778
4.68643,55.44499,7.21361,16.90106,2.24613,-9.44444
4.72681,69.60829,7.26363,6.06356,2.2639,0.55556
4.8576,87.0974,7.27563,-0.60411,2.2823,3.88889
4.92272,93.75864,7.33882,-8.94271,2.30964,11.66667
4.9978,77.91905,7.39195,4.3862,2.3654,15.55556
5.06036,64.5805,7.45761,15.21406,2.42153,15.55556
5.08371,46.24522,7.49489,5.21096,2.43977,20.55556
5.10738,30.40991,7.57104,-2.29539,2.46705,28.88889
5.13084,12.90796,7.63627,5.19917,2.46648,35.0
5.16768,-0.42844,7.72764,16.02489,2.475,43.88889
5.20464,-12.93152,7.75152,1.85624,2.49309,50.55556
5.2417,-24.60128,7.81418,-10.64899,2.49241,57.77778
5.27919,-32.93774,7.87995,1.0122,2.49241,57.77778
5.40633,-43.78166,7.92054,16.84215,2.51039,65.55556
5.45924,-32.11941,7.9831,3.5036,2.51928,70.55556
5.53807,-18.79264,8.11163,3.49289,2.54677,76.66667
5.55307,-2.12723,8.1383,10.99067,2.59381,73.88889
5.61991,17.8672,8.21553,11.81757,2.59432,68.33333
5.64861,41.19814,8.27755,-5.6876,2.6043,61.66667
5.68931,57.86142,8.36741,-6.52842,2.65175,54.44444
5.7298,72.85805,8.39515,9.3026,2.65227,48.88889
5.82095,82.01712,8.45996,13.46387,2.65305,40.55556
5.92496,91.17512,8.56053,-4.04452,2.66267,37.77778
5.97498,80.33761,8.62662,10.11664,2.6821,30.0
5.99951,71.1689,8.69121,12.61126,2.69203,23.88889
6.04921,57.83143,8.75366,-1.56061,2.71126,18.33333
6.07341,46.16274,8.84341,-3.23476,2.73989,12.22222
6.09741,32.82741,8.89611,6.76085,2.77814,3.33333
6.12119,17.82543,8.9486,15.08981,2.79747,-3.33333
6.14529,5.32342,8.99915,8.41893,2.84518,-13.33333
6.16917,-8.84524,9.0495,0.0814,2.91082,-15.0
6.25679,-27.18587,9.12822,12.57484,2.9301,-21.11111
6.30702,-36.35672,9.20502,10.06844,2.94954,-28.88889
6.37022,-44.69532,9.22912,-2.43356,2.98779,-37.77778
6.40931,-40.53191,9.33141,-6.60876,2.99782,-45.0
6.44884,-33.03521,9.3719,8.38787,3.02656,-52.22222
6.48868,-23.03853,9.4623,11.71367,3.03659,-59.44444
6.51557,-13.8741,9.52475,-2.4582,3.04656,-66.11111
6.55649,4.45582,9.6039,13.36854,3.09412,-74.44444
6.57041,12.78799,9.69345,10.02774,3.1029,-68.33333
6.59729,21.95242,9.73072,0.02464,3.12114,-63.33333
6.6245,33.61682,9.78053,-12.47952,3.13928,-57.22222
6.65117,41.1146,9.85936,0.84725,3.13871,-51.11111
6.67816,51.11235,9.92534,14.17508,3.14749,-45.0
6.70526,61.94342,,,3.17483,-37.22222
6.75807,72.77236,,,3.1833,-27.77778
6.7721,81.93785,,,3.20138,-21.11111
6.82448,89.43349,,,3.21017,-15.0
6.86357,93.5969,,,3.22841,-10.0
6.97765,81.08739,,,3.26473,1.66667
6.98857,66.08648,,,3.27331,10.0
7.02563,54.41673,,,3.3099,18.88889
7.07533,41.07925,,,3.37543,18.33333
7.08636,26.91167,,,3.41259,21.11111
7.11046,14.40966,,,3.44018,26.11111
7.13478,3.5743,,,3.44897,32.22222
7.14635,-6.42667,,,3.4671,38.33333
7.19637,-17.26417,,,3.48508,46.11111
7.221,-25.59955,,,3.48441,53.33333
7.27145,-33.10376,,,3.50265,58.33333
7.30926,-38.94024,,,3.50208,64.44444
7.35993,-44.7778,,,3.52011,71.66667
7.42494,-38.94988,,,3.55717,75.55556
7.46457,-30.61985,,,3.56704,70.0
7.47807,-25.62098,,,3.58643,62.77778
7.50495,-16.45655,,,3.59656,54.44444
7.51952,-3.12443,,,3.61584,48.33333
7.53409,10.20769,,,3.63528,40.55556
7.57415,21.87102,,,3.66402,33.33333
7.60103,31.03544,,,3.67425,23.88889
7.64109,42.69877,,,3.67477,18.33333
7.68083,51.86213,,,3.6939,13.88889
7.72164,69.35873,,,3.71308,8.88889
7.74895,81.85645,,,3.74176,2.22222
7.86613,93.51335,,,3.76125,-6.11111
7.94207,84.34036,,,3.79009,-14.44444
7.96585,69.33837,,,3.80943,-21.11111
8.00377,64.33521,,,3.88395,-17.77778
8.02733,47.66658,,,3.93124,-23.33333
8.06429,35.16351,,,3.95993,-30.0
8.07553,22.66257,,,3.97921,-36.11111
8.12481,5.9918,,,3.9803,-47.77778
8.16154,-8.17793,,,4.00883,-52.77778
8.18532,-23.17991,,,4.00925,-57.22222
8.22281,-31.51637,,,4.01918,-63.33333
8.3371,-42.35923,,,4.04781,-69.44444
8.42739,-39.86675,,,4.07619,-72.77778
8.46745,-28.20343,,,4.1134,-70.55556
8.50762,-15.70677,,,4.11293,-65.55556
8.52197,-4.0413,,,4.12145,-56.66667
8.54993,13.45637,,,4.13013,-49.44444
8.57681,22.62079,,,4.16651,-38.33333
8.63026,38.44967,,,4.16563,-28.88889
8.64494,52.61512,,,4.20206,-18.33333
8.67236,65.94617,,,4.21079,-11.66667
8.72506,75.94177,,,4.21942,-3.88889
8.77776,85.93738,,,4.256,5.0
8.83013,93.43302,,,4.26447,14.44444
8.9321,86.75785,,,4.30101,23.88889
8.95695,80.08912,,,4.39492,20.0
8.98105,67.58711,,,4.44086,28.88889
8.9923,55.08617,,,4.44949,36.66667
9.04178,40.08205,,,4.45806,45.0
9.09084,21.74463,,,4.47599,53.33333
9.08913,8.41144,,,4.49397,61.11111
9.11355,-1.5906,,,4.5027,67.77778
9.15018,-16.59365,,,4.53009,75.0
9.2002,-27.43115,,,4.57733,70.0
9.27614,-36.60415,,,4.59651,65.0
9.32649,-44.94168,,,4.59698,60.0
9.37854,-39.94602,,,4.6161,55.55556
9.43199,-24.11714,,,4.62608,48.88889
9.49786,-11.62263,,,4.61724,43.33333
9.52539,2.54175,,,4.64588,37.22222
9.52539,2.54175,,,4.66526,30.0
9.55228,11.70617,,,4.67503,25.55556
9.55367,22.53939,,,4.70377,18.33333
9.58141,38.37041,,,4.7323,13.33333
9.63529,57.53259,,,4.73298,6.11111
9.68831,70.02817,,,4.73366,-1.11111
9.72826,80.85817,,,4.77191,-10.0
9.9337,79.17439,,,4.78173,-15.0
9.94527,69.17342,,,4.82008,-25.0
9.98297,62.50361,,,4.88515,-20.55556
,,,,4.94185,-26.66667
,,,,4.95224,-37.77778
,,,,4.96227,-45.0
,,,,4.9907,-48.88889
,,,,5.01029,-58.33333
,,,,5.01081,-63.88889
,,,,5.06746,-69.44444
,,,,5.0951,-65.0
,,,,5.09432,-56.66667
,,,,5.13107,-49.44444
,,,,5.1492,-43.33333
,,,,5.14843,-35.0
,,,,5.16661,-29.44444
,,,,5.19405,-22.77778
,,,,5.19312,-12.77778
,,,,5.22056,-6.11111
,,,,5.22913,2.22222
,,,,5.24686,12.77778
,,,,5.2928,21.66667
,,,,5.36763,21.66667
,,,,5.42277,32.22222
,,,,5.43114,42.77778
,,,,5.46778,51.11111
,,,,5.48597,56.66667
,,,,5.51341,63.33333
,,,,5.54048,73.88889
,,,,5.56928,66.11111
,,,,5.5698,60.55556
,,,,5.59827,56.11111
,,,,5.599,48.33333
,,,,5.61818,43.33333
,,,,5.62842,33.88889
,,,,5.67618,23.33333
,,,,5.69567,15.0
,,,,5.69624,8.88889
,,,,5.71552,2.77778
,,,,5.72539,-2.77778
,,,,5.75392,-7.77778
,,,,5.78271,-15.55556
,,,,5.82086,-23.33333
,,,,5.89533,-19.44444
,,,,5.93337,-26.11111
,,,,5.9526,-31.66667
,,,,5.96263,-38.88889
,,,,5.98212,-47.22222
,,,,5.98269,-53.33333
,,,,5.99262,-59.44444
,,,,6.0212,-65.0
,,,,6.04043,-70.55556
,,,,6.087,-68.33333
,,,,6.08669,-65.0
,,,,6.09552,-59.44444
,,,,6.15061,-48.33333
,,,,6.15024,-44.44444
,,,,6.14967,-38.33333
,,,,6.16745,-28.33333
,,,,6.17618,-21.66667
,,,,6.19426,-15.0
,,,,6.2031,-9.44444
,,,,6.22056,3.88889
,,,,6.22903,13.33333
,,,,6.26588,19.44444
,,,,6.28417,23.88889
,,,,6.35942,19.44444
,,,,6.41524,22.77778
,,,,6.43337,28.88889
,,,,6.44231,33.33333
,,,,6.44179,38.88889
,,,,6.45058,45.0
,,,,6.45941,50.55556
,,,,6.46809,57.77778
,,,,6.47667,66.11111
,,,,6.49475,72.77778
,,,,6.57858,76.66667
,,,,6.56091,65.55556
,,,,6.58991,55.55556
,,,,6.60004,47.22222
,,,,6.62873,40.55556
,,,,6.63881,32.77778
,,,,6.66745,26.66667
,,,,6.68699,17.77778
,,,,6.69702,10.55556
,,,,6.72591,1.66667
,,,,6.74535,-6.11111
,,,,6.76463,-12.22222
,,,,6.78381,-17.22222
,,,,6.86805,-17.77778
,,,,6.9156,-26.11111
,,,,6.94434,-33.33333
,,,,6.94496,-40.0
,,,,6.96419,-45.55556
,,,,6.97417,-52.22222
,,,,6.98431,-60.55556
,,,,7.01294,-66.66667
,,,,7.02255,-69.44444
,,,,7.06896,-65.55556
,,,,7.10581,-59.44444
,,,,7.1056,-57.22222
,,,,7.11465,-53.88889
,,,,7.11413,-48.33333
,,,,7.11371,-43.88889
,,,,7.13174,-36.66667
,,,,7.14998,-31.66667
,,,,7.14962,-27.77778
,,,,7.15851,-22.77778
,,,,7.15799,-17.22222
,,,,7.19483,-11.11111
,,,,7.19442,-6.66667
,,,,7.20351,-3.88889
,,,,7.23095,2.77778
,,,,7.24883,11.66667
,,,,7.27627,18.33333
,,,,7.3324,18.33333
,,,,7.39793,17.77778
,,,,7.41586,26.11111
,,,,7.42412,37.77778
,,,,7.4512,48.33333
,,,,7.47848,56.66667
,,,,7.47765,65.55556
,,,,7.50483,75.0
,,,,7.55223,68.33333
,,,,7.57141,63.33333
,,,,7.59074,56.66667
,,,,7.62005,43.33333
,,,,7.62099,33.33333
,,,,7.64983,25.0
,,,,7.66942,15.55556
,,,,7.69811,8.88889
,,,,7.72711,-1.11111
,,,,7.72763,-6.66667
,,,,7.75647,-15.0
,,,,7.78485,-18.33333
,,,,7.87834,-17.77778
,,,,7.90692,-23.33333
,,,,7.91711,-32.22222
,,,,7.93649,-39.44444
,,,,7.95577,-45.55556
,,,,7.96565,-51.11111
,,,,7.96622,-57.22222
,,,,7.9855,-63.33333
,,,,7.98607,-69.44444
,,,,8.05213,-75.55556
,,,,8.07967,-70.0
,,,,8.0791,-63.88889
,,,,8.07868,-59.44444
,,,,8.08726,-51.11111
,,,,8.09583,-42.77778
,,,,8.14172,-33.33333
,,,,8.14099,-25.55556
,,,,8.15882,-16.11111
,,,,8.17664,-6.66667
,,,,8.19457,1.66667
,,,,8.23142,7.77778
,,,,8.23069,15.55556
,,,,8.2771,19.44444
,,,,8.36129,19.44444
,,,,8.40739,26.66667
,,,,8.40692,31.66667
,,,,8.40635,37.77778
,,,,8.42449,43.88889
,,,,8.43322,50.55556
,,,,8.45141,56.11111
,,,,8.46024,61.66667
,,,,8.45936,71.11111
,,,,8.50587,73.88889
,,,,8.54381,68.33333
,,,,8.54423,63.88889
,,,,8.5449,56.66667
,,,,8.6016,50.55556
,,,,8.60228,43.33333
,,,,8.60321,33.33333
,,,,8.63185,27.22222
,,,,8.6609,16.66667
,,,,8.69005,5.0
,,,,8.74706,-4.44444
,,,,8.74774,-11.66667
,,,,8.76728,-20.55556
,,,,8.86083,-20.55556
,,,,8.89876,-26.11111
,,,,8.91799,-31.66667
,,,,8.92766,-35.0
,,,,8.94735,-45.55556
,,,,8.94782,-50.55556
,,,,8.95775,-56.66667
,,,,8.96778,-63.88889
,,,,9.01518,-70.55556
,,,,9.05176,-61.66667
,,,,9.09765,-52.22222
,,,,9.12483,-42.77778
,,,,9.12436,-37.77778
,,,,9.12379,-31.66667
,,,,9.13237,-23.33333
,,,,9.15986,-17.22222
,,,,9.16823,-6.66667
,,,,9.18605,2.77778
,,,,9.21354,8.88889
,,,,9.22227,15.55556
,,,,9.24935,26.11111
,,,,9.34336,21.11111
,,,,9.39876,28.88889
,,,,9.426,37.77778
,,,,9.42542,43.88889
,,,,9.44341,51.66667
,,,,9.46087,65.0
,,,,9.49745,73.88889
,,,,9.53565,65.55556
,,,,9.57385,57.22222
,,,,9.58367,52.22222
,,,,9.58466,41.66667
,,,,9.6042,32.77778
,,,,9.63304,24.44444
,,,,9.65258,15.55556
,,,,9.68158,5.55556
,,,,9.70117,-3.88889
,,,,9.73023,-14.44444
,,,,9.77783,-23.33333
,,,,9.87112,-20.55556
,,,,9.87184,-28.33333
,,,,9.91924,-35.0
,,,,9.92958,-45.55556
,,,,9.95842,-53.88889
,,,,9.96851,-61.66667
,,,,9.9974,-70.55556
,,,,,
,,,,,
,,,,,
,,,,,
,,,,,
,,,,,
,,,,,
,,,,,
,,,,,
,,,,,
,,,,,
,,,,,
,,,,,
,,,,,
,,,,,
,,,,,
,,,,,
,,,,,
,,,,,
,,,,,
,,,,,
,,,,,
,,,,,
,,,,,
,,,,,
,,,,,
,,,,,
,,,,,
,,,,,
,,,,,
,,,,,
,,,,,
,,,,,
,,,,,
,,,,,
,,,,,
,,,,,
,,,,,
,,,,,
,,,,,
,,,,,
,,,,,
,,,,,
,,,,,
,,,,,
,,,,,
,,,,,
,,,,,
,,,,,
,,,,,
,,,,,
,,,,,
,,,,,
,,,,,
,,,,,
