time/T,Angle(°),Index,Type
0.03899,98.33228,0.00000,position
0.10197,88.32703,1.00000,position
0.12596,74.99170,2.00000,position
0.16270,60.82197,3.00000,position
0.18594,41.65337,4.00000,position
0.24764,21.64823,5.00000,position
0.27035,-1.68700,6.00000,position
0.31951,-19.19110,7.00000,position
0.35614,-34.19415,8.00000,position
0.48286,-48.37138,9.00000,position
0.57465,-34.21236,10.00000,position
0.61567,-15.04911,11.00000,position
0.68412,17.44519,12.00000,position
0.71272,39.94280,13.00000,position
0.79316,65.76943,14.00000,position
0.84693,84.09829,15.00000,position
0.93872,98.25730,16.00000,position
1.01498,91.58428,17.00000,position
1.05215,80.74785,18.00000,position
1.08911,68.24477,19.00000,position
1.08911,68.24477,20.00000,position
1.11203,46.57619,21.00000,position
1.16098,27.40545,22.00000,position
1.15851,8.23899,23.00000,position
1.22064,-8.43286,24.00000,position
1.28308,-22.60473,25.00000,position
1.33332,-31.77558,26.00000,position
1.42222,-40.11632,27.00000,position
1.52612,-31.79165,28.00000,position
1.56629,-19.29499,29.00000,position
1.60731,-0.13175,30.00000,position
1.64801,16.53153,31.00000,position
1.68829,29.86151,32.00000,position
1.71624,47.35918,33.00000,position
1.75694,64.02245,34.00000,position
1.82292,77.35029,35.00000,position
1.95328,91.50609,36.00000,position
2.04132,76.49875,37.00000,position
2.12830,53.15817,38.00000,position
2.13783,27.32404,39.00000,position
2.18699,9.81995,40.00000,position
2.22298,-10.18305,41.00000,position
2.28543,-24.35492,42.00000,position
2.33577,-32.69245,43.00000,position
2.43742,-41.86759,44.00000,position
2.51636,-27.70750,45.00000,position
2.59573,-10.21412,46.00000,position
2.63665,8.11581,47.00000,position
2.67767,27.27906,48.00000,position
2.70520,41.44343,49.00000,position
2.73305,58.10778,50.00000,position
2.77321,70.60443,51.00000,position
2.82623,83.10001,52.00000,position
2.93045,93.92466,53.00000,position
3.00629,83.91834,54.00000,position
3.04367,74.74856,55.00000,position
3.08094,64.74545,56.00000,position
3.10547,55.57674,57.00000,position
3.11608,38.07586,58.00000,position
3.15228,19.73951,59.00000,position
3.20166,3.90206,60.00000,position
3.22544,-11.09992,61.00000,position
3.26239,-23.60300,62.00000,position
3.29999,-31.10614,63.00000,position
3.38878,-40.28020,64.00000,position
3.43966,-44.45111,65.00000,position
3.49225,-35.28883,66.00000,position
3.54495,-25.29322,67.00000,position
3.58587,-6.96329,68.00000,position
3.58747,5.53657,69.00000,position
3.62753,17.19990,70.00000,position
3.66727,26.36326,71.00000,position
3.66898,39.69645,72.00000,position
3.70861,48.02648,73.00000,position
3.71001,58.85970,74.00000,position
3.77609,73.02085,75.00000,position
3.84175,83.84872,76.00000,position
3.93344,97.17441,77.00000,position
3.97072,87.17130,78.00000,position
4.03338,74.66608,79.00000,position
4.07011,60.49635,80.00000,position
4.11960,45.49223,81.00000,position
4.13063,31.32464,82.00000,position
4.14102,12.15711,83.00000,position
4.19019,-5.34699,84.00000,position
4.23989,-18.68446,85.00000,position
4.31540,-31.19075,86.00000,position
4.36553,-41.19493,87.00000,position
4.39070,-45.36370,88.00000,position
4.46825,-42.03682,89.00000,position
4.50831,-30.37350,90.00000,position
4.52212,-22.87465,91.00000,position
4.53573,-17.04245,92.00000,position
4.57621,-2.04582,93.00000,position
4.61692,14.61745,94.00000,position
4.64477,31.28180,95.00000,position
4.68643,55.44499,96.00000,position
4.72681,69.60829,97.00000,position
4.85760,87.09740,98.00000,position
4.92272,93.75864,99.00000,position
4.99780,77.91905,100.00000,position
5.06036,64.58050,101.00000,position
5.08371,46.24522,102.00000,position
5.10738,30.40991,103.00000,position
5.13084,12.90796,104.00000,position
5.16768,-0.42844,105.00000,position
5.20464,-12.93152,106.00000,position
5.24170,-24.60128,107.00000,position
5.27919,-32.93774,108.00000,position
5.40633,-43.78166,109.00000,position
5.45924,-32.11941,110.00000,position
5.53807,-18.79264,111.00000,position
5.55307,-2.12723,112.00000,position
5.61991,17.86720,113.00000,position
5.64861,41.19814,114.00000,position
5.68931,57.86142,115.00000,position
5.72980,72.85805,116.00000,position
5.82095,82.01712,117.00000,position
5.92496,91.17512,118.00000,position
5.97498,80.33761,119.00000,position
5.99951,71.16890,120.00000,position
6.04921,57.83143,121.00000,position
6.07341,46.16274,122.00000,position
6.09741,32.82741,123.00000,position
6.12119,17.82543,124.00000,position
6.14529,5.32342,125.00000,position
6.16917,-8.84524,126.00000,position
6.25679,-27.18587,127.00000,position
6.30702,-36.35672,128.00000,position
6.37022,-44.69532,129.00000,position
6.40931,-40.53191,130.00000,position
6.44884,-33.03521,131.00000,position
6.48868,-23.03853,132.00000,position
6.51557,-13.87410,133.00000,position
6.55649,4.45582,134.00000,position
6.57041,12.78799,135.00000,position
6.59729,21.95242,136.00000,position
6.62450,33.61682,137.00000,position
6.65117,41.11460,138.00000,position
6.67816,51.11235,139.00000,position
6.70526,61.94342,140.00000,position
6.75807,72.77236,141.00000,position
6.77210,81.93785,142.00000,position
6.82448,89.43349,143.00000,position
6.86357,93.59690,144.00000,position
6.97765,81.08739,145.00000,position
6.98857,66.08648,146.00000,position
7.02563,54.41673,147.00000,position
7.07533,41.07925,148.00000,position
7.08636,26.91167,149.00000,position
7.11046,14.40966,150.00000,position
7.13478,3.57430,151.00000,position
7.14635,-6.42667,152.00000,position
7.19637,-17.26417,153.00000,position
7.22100,-25.59955,154.00000,position
7.27145,-33.10376,155.00000,position
7.30926,-38.94024,156.00000,position
7.35993,-44.77780,157.00000,position
7.42494,-38.94988,158.00000,position
7.46457,-30.61985,159.00000,position
7.47807,-25.62098,160.00000,position
7.50495,-16.45655,161.00000,position
7.51952,-3.12443,162.00000,position
7.53409,10.20769,163.00000,position
7.57415,21.87102,164.00000,position
7.60103,31.03544,165.00000,position
7.64109,42.69877,166.00000,position
7.68083,51.86213,167.00000,position
7.72164,69.35873,168.00000,position
7.74895,81.85645,169.00000,position
7.86613,93.51335,170.00000,position
7.94207,84.34036,171.00000,position
7.96585,69.33837,172.00000,position
8.00377,64.33521,173.00000,position
8.02733,47.66658,174.00000,position
8.06429,35.16351,175.00000,position
8.07553,22.66257,176.00000,position
8.12481,5.99180,177.00000,position
8.16154,-8.17793,178.00000,position
8.18532,-23.17991,179.00000,position
8.22281,-31.51637,180.00000,position
8.33710,-42.35923,181.00000,position
8.42739,-39.86675,182.00000,position
8.46745,-28.20343,183.00000,position
8.50762,-15.70677,184.00000,position
8.52197,-4.04130,185.00000,position
8.54993,13.45637,186.00000,position
8.57681,22.62079,187.00000,position
8.63026,38.44967,188.00000,position
8.64494,52.61512,189.00000,position
8.67236,65.94617,190.00000,position
8.72506,75.94177,191.00000,position
8.77776,85.93738,192.00000,position
8.83013,93.43302,193.00000,position
8.93210,86.75785,194.00000,position
8.95695,80.08912,195.00000,position
8.98105,67.58711,196.00000,position
8.99230,55.08617,197.00000,position
9.04178,40.08205,198.00000,position
9.09084,21.74463,199.00000,position
9.08913,8.41144,200.00000,position
9.11355,-1.59060,201.00000,position
9.15018,-16.59365,202.00000,position
9.20020,-27.43115,203.00000,position
9.27614,-36.60415,204.00000,position
9.32649,-44.94168,205.00000,position
9.37854,-39.94602,206.00000,position
9.43199,-24.11714,207.00000,position
9.49786,-11.62263,208.00000,position
9.52539,2.54175,209.00000,position
9.52539,2.54175,210.00000,position
9.55228,11.70617,211.00000,position
9.55367,22.53939,212.00000,position
9.58141,38.37041,213.00000,position
9.63529,57.53259,214.00000,position
9.68831,70.02817,215.00000,position
9.72826,80.85817,216.00000,position
9.93370,79.17439,217.00000,position
9.94527,69.17342,218.00000,position
9.98297,62.50361,219.00000,position
0.02656,1.66665,217.00000,elevation
0.11664,2.49248,218.00000,elevation
0.20715,6.65160,219.00000,elevation
0.29766,10.81072,220.00000,position
0.36139,6.63875,220.00000,elevation
0.42491,0.80012,221.00000,position
0.46272,-5.03636,221.00000,elevation
0.50182,-0.87296,222.00000,position
0.52838,5.79150,222.00000,elevation
0.58001,7.45386,223.00000,position
0.65702,6.61411,223.00000,elevation
0.69515,3.27760,224.00000,position
0.72129,6.60876,224.00000,elevation
0.77356,13.27107,225.00000,position
0.84993,7.43137,225.00000,elevation
0.84886,-0.90188,226.00000,position
0.87392,-5.90396,226.00000,elevation
0.91194,-10.07380,227.00000,position
0.93808,-6.74264,227.00000,elevation
0.96432,-2.57816,228.00000,position
0.97771,1.58739,228.00000,elevation
0.99110,5.75294,229.00000,position
1.00460,10.75181,229.00000,elevation
1.04380,15.74855,230.00000,position
1.17040,0.73800,230.00000,elevation
1.20950,4.90140,231.00000,position
1.23606,11.56586,231.00000,elevation
1.30001,9.06053,232.00000,position
1.31222,4.05951,232.00000,elevation
1.32454,-0.10818,233.00000,position
1.34981,-3.44362,233.00000,elevation
1.38805,-5.94681,234.00000,position
1.42736,-0.11675,234.00000,elevation
1.45360,4.04773,235.00000,position
1.49291,9.87779,235.00000,elevation
1.54476,13.20680,236.00000,position
1.55686,7.37246,236.00000,elevation
1.58225,4.87034,237.00000,position
1.60742,0.70158,237.00000,elevation
1.65883,0.69729,238.00000,position
1.69793,4.86070,238.00000,elevation
1.73702,9.02411,239.00000,position
1.73756,13.19073,239.00000,elevation
1.80129,9.01876,240.00000,position
1.81361,4.85106,240.00000,elevation
1.85120,-2.65207,241.00000,position
1.86341,-7.65309,241.00000,elevation
1.88965,-3.48861,242.00000,position
1.91558,-1.82410,242.00000,elevation
1.94171,1.50705,243.00000,position
1.96795,5.67153,243.00000,elevation
2.00748,13.16824,244.00000,position
2.04561,9.83173,244.00000,elevation
2.07078,5.66296,245.00000,position
2.12144,-0.17459,245.00000,elevation
2.18614,3.15335,246.00000,position
2.19974,8.98555,246.00000,elevation
2.22598,13.15003,247.00000,position
2.26508,17.31344,247.00000,elevation
2.29004,11.47803,248.00000,position
2.32752,3.14157,248.00000,elevation
2.32667,-3.52503,249.00000,position
2.38997,-11.03030,249.00000,elevation
2.42949,-3.53360,250.00000,position
2.45616,3.96418,250.00000,elevation
2.46988,10.62971,251.00000,position
2.49633,16.46083,251.00000,elevation
2.56028,13.95551,252.00000,position
2.57217,6.45452,252.00000,elevation
2.59734,2.28575,253.00000,position
2.63515,-3.55073,253.00000,elevation
2.66150,1.44707,254.00000,position
2.70102,8.94378,254.00000,elevation
2.71462,14.77598,255.00000,position
2.74076,18.10713,255.00000,elevation
2.77868,13.10397,256.00000,position
2.81638,6.43416,256.00000,elevation
2.82848,0.59982,257.00000,position
2.84059,-5.23452,257.00000,elevation
2.90400,-11.90647,258.00000,position
2.93024,-7.74199,258.00000,elevation
2.93077,-3.57537,259.00000,position
2.95734,3.08908,259.00000,elevation
2.98401,10.58686,260.00000,position
2.99772,17.25239,260.00000,elevation
3.04860,13.08148,261.00000,position
3.07366,8.07939,261.00000,elevation
3.07323,4.74609,262.00000,position
3.12379,-1.92479,262.00000,elevation
3.17595,3.90420,263.00000,position
3.20230,8.90200,263.00000,elevation
3.22876,14.73313,264.00000,position
3.25511,19.73094,264.00000,elevation
3.29313,15.56110,265.00000,position
3.31777,7.22572,265.00000,elevation
3.31712,2.22577,266.00000,position
3.31637,-3.60750,266.00000,elevation
3.37968,-11.11278,267.00000,position
3.40635,-3.61500,267.00000,elevation
3.44598,4.71503,268.00000,position
3.47243,10.54616,268.00000,elevation
3.48615,17.21168,269.00000,position
3.53713,13.87410,269.00000,elevation
3.54913,7.20644,270.00000,position
3.62518,-1.13324,270.00000,elevation
3.67755,6.36240,271.00000,position
3.74300,15.52361,271.00000,elevation
3.79345,8.01941,272.00000,position
3.80576,3.85172,272.00000,elevation
3.83051,-3.65035,273.00000,position
3.86800,-11.98680,273.00000,elevation
3.90731,-6.15675,274.00000,position
3.93387,0.50771,274.00000,elevation
3.94779,8.83988,275.00000,position
3.98710,14.66994,275.00000,elevation
4.06326,7.16359,276.00000,position
4.10096,0.49378,276.00000,elevation
4.19094,0.48628,277.00000,position
4.21804,11.31736,277.00000,elevation
4.23132,14.64959,278.00000,position
4.28166,6.31206,278.00000,elevation
4.31958,1.30890,279.00000,position
4.31872,-5.35770,279.00000,elevation
4.35696,-7.86088,280.00000,position
4.39552,-7.86410,280.00000,elevation
4.44779,-1.20179,281.00000,position
4.44822,2.13151,281.00000,elevation
4.44940,11.29808,282.00000,position
4.47564,15.46256,282.00000,elevation
4.55233,12.12284,283.00000,position
4.57707,4.62077,283.00000,elevation
4.61467,-2.88236,284.00000,position
4.66651,0.44665,284.00000,elevation
4.68001,5.44553,285.00000,position
4.70668,12.94331,285.00000,elevation
4.74438,6.27350,286.00000,position
4.76966,2.93806,286.00000,elevation
4.79461,-2.89736,287.00000,position
4.83232,-9.56716,287.00000,elevation
4.89712,-5.40590,288.00000,position
4.91104,2.92628,288.00000,elevation
4.95035,8.75633,289.00000,position
5.00273,16.25197,289.00000,elevation
5.02747,8.74991,290.00000,position
5.05243,2.91449,290.00000,elevation
5.09067,0.41131,291.00000,position
5.15590,7.90587,291.00000,elevation
5.22092,13.73379,292.00000,position
5.28411,5.39519,292.00000,elevation
5.32182,-1.27462,293.00000,position
5.37237,-7.94550,293.00000,elevation
5.41232,2.88450,294.00000,position
5.43857,7.04898,294.00000,elevation
5.49084,13.71129,295.00000,position
5.54139,7.04041,295.00000,elevation
5.57888,-1.29604,296.00000,position
5.64411,6.19852,296.00000,elevation
5.68385,15.36187,297.00000,position
5.74801,14.52319,297.00000,elevation
5.75990,7.02220,298.00000,position
5.79750,-0.48093,298.00000,elevation
5.83488,-9.65071,299.00000,position
5.90032,-0.48950,299.00000,elevation
5.92689,6.17496,300.00000,position
5.99255,17.00282,300.00000,elevation
6.03003,8.66636,301.00000,position
6.09323,0.32776,301.00000,elevation
6.14571,8.65672,302.00000,position
6.19788,14.48571,302.00000,elevation
6.24865,9.48148,303.00000,position
6.28646,3.64499,303.00000,elevation
6.29867,-1.35603,304.00000,position
6.32352,-8.02476,304.00000,elevation
6.37557,-3.02910,305.00000,position
6.38928,3.63642,305.00000,elevation
6.44188,12.79871,306.00000,position
6.50561,8.62673,306.00000,elevation
6.56870,-0.54520,307.00000,position
6.63361,4.44940,307.00000,elevation
6.67324,12.77943,308.00000,position
6.74982,8.60638,308.00000,elevation
6.76182,1.93871,309.00000,position
6.82501,-6.39989,309.00000,elevation
6.87728,0.26242,310.00000,position
6.90395,7.76020,310.00000,elevation
6.94369,16.92355,311.00000,position
7.00689,8.58496,311.00000,elevation
7.07019,1.07968,312.00000,position
7.12257,8.57532,312.00000,elevation
7.17548,20.23757,313.00000,position
7.21361,16.90106,313.00000,elevation
7.25164,12.73123,314.00000,position
7.26363,6.06356,314.00000,elevation
7.26320,2.73026,315.00000,position
7.27563,-0.60411,315.00000,elevation
7.31344,-6.44059,316.00000,position
7.33882,-8.94271,316.00000,elevation
7.36528,-3.11158,317.00000,position
7.39195,4.38620,317.00000,elevation
7.41852,11.05065,318.00000,position
7.45761,15.21406,318.00000,elevation
7.46961,8.54640,319.00000,position
7.49489,5.21096,319.00000,elevation
7.53291,1.04112,320.00000,position
7.57104,-2.29539,320.00000,elevation
7.59728,1.86909,321.00000,position
7.63627,5.19917,321.00000,elevation
7.66305,13.53027,322.00000,position
7.72764,16.02489,322.00000,elevation
7.72678,9.35830,323.00000,position
7.75152,1.85624,323.00000,elevation
7.77669,-2.31253,324.00000,position
7.81418,-10.64899,324.00000,elevation
7.85360,-3.98560,325.00000,position
7.87995,1.01220,325.00000,elevation
7.91937,7.67558,326.00000,position
7.92054,16.84215,326.00000,elevation
7.97132,11.83792,327.00000,position
7.98310,3.50360,327.00000,elevation
8.04694,0.16495,328.00000,position
8.11163,3.49289,328.00000,elevation
8.13777,6.82405,329.00000,position
8.13830,10.99067,329.00000,elevation
8.16508,19.32177,330.00000,position
8.21553,11.81757,330.00000,elevation
8.23974,0.14888,331.00000,position
8.27755,-5.68760,331.00000,elevation
8.30240,-12.35634,332.00000,position
8.36741,-6.52842,332.00000,elevation
8.39419,1.80268,333.00000,position
8.39515,9.30260,333.00000,elevation
8.43468,16.79931,334.00000,position
8.45996,13.46387,334.00000,elevation
8.51062,7.62631,335.00000,position
8.56053,-4.04452,335.00000,elevation
8.59984,1.78554,336.00000,position
8.62662,10.11664,336.00000,elevation
8.64012,15.11552,337.00000,position
8.69121,12.61126,337.00000,elevation
8.74198,7.60703,338.00000,position
8.75366,-1.56061,338.00000,elevation
8.81674,-10.73253,339.00000,position
8.84341,-3.23476,339.00000,elevation
8.86966,0.92972,340.00000,position
8.89611,6.76085,340.00000,elevation
8.89718,15.09410,341.00000,position
8.94860,15.08981,341.00000,elevation
8.96102,11.75544,342.00000,position
8.99915,8.41893,342.00000,elevation
9.01126,2.58459,343.00000,position
9.04950,0.08140,343.00000,elevation
9.11473,7.57597,344.00000,position
9.12822,12.57484,344.00000,elevation
9.18006,15.90386,345.00000,position
9.20502,10.06844,345.00000,elevation
9.23009,5.06636,346.00000,position
9.22912,-2.43356,346.00000,elevation
9.30474,-14.10653,347.00000,position
9.33141,-6.60876,347.00000,elevation
9.35808,0.88902,348.00000,position
9.37190,8.38787,348.00000,elevation
9.42438,16.71683,349.00000,position
9.46230,11.71367,349.00000,elevation
9.48715,5.04493,350.00000,position
9.52475,-2.45820,350.00000,elevation
9.58976,3.36972,351.00000,position
9.60390,13.36854,351.00000,elevation
9.65542,14.19758,352.00000,position
9.69345,10.02774,352.00000,elevation
9.71851,5.02565,353.00000,position
9.73072,0.02464,353.00000,elevation
9.75557,-6.64410,354.00000,position
9.78053,-12.47952,354.00000,elevation
9.83269,-6.65053,355.00000,position
9.85936,0.84725,355.00000,elevation
9.87318,8.34610,356.00000,position
9.92534,14.17508,356.00000,elevation
9.98843,5.00316,357.00000,position
